libelle;marque
159;ALFA ROMEO 
NULL;ALFA ROMEO 
8C ;ALFA ROMEO 
A5;ALFA ROMEO 
GIULIETTA ;ALFA ROMEO 
MITO ;ALFA ROMEO 
SPIDER ;ALFA ROMEO 
A1 ;AUDI 
A3 ;AUDI 
A4 ;AUDI 
A5 ;AUDI 
A6 ;AUDI 
A7 ;AUDI 
A8 ;AUDI 
Q3 ;AUDI 
Q5 ;AUDI 
Q7 ;AUDI 
R8 ;AUDI 
TT ;AUDI 
CONTINENTAL ;BENTLEY 
FLYING SPUR ;BENTLEY 
MULSANNE ;BENTLEY 
114;BMW 
116;BMW 
118;BMW 
120;BMW 
125;BMW 
214;BMW 
216;BMW 
218;BMW 
220;BMW 
225;BMW 
228;BMW 
235;BMW 
316;BMW 
318;BMW 
320;BMW 
325;BMW 
328;BMW 
330;BMW 
335;BMW 
418;BMW 
420;BMW 
425;BMW 
428;BMW 
430;BMW 
435;BMW 
518;BMW 
520;BMW 
525;BMW 
528;BMW 
530;BMW 
535;BMW 
550;BMW 
640;BMW 
650;BMW 
730;BMW 
740;BMW 
750;BMW 
760;BMW 
I3 ;BMW 
I8 ;BMW 
M3 ;BMW 
M4 ;BMW 
M5 ;BMW 
SERIE 3 ACTIVEHYBRID ;BMW 
SERIE 5 ACTIVEHYBRID ;BMW 
SERIE 7 ACTIVEHYBRID ;BMW 
X1 ;BMW 
X3 ;BMW 
X4 ;BMW 
X5 ;BMW 
X6 ;BMW 
Z4 ;BMW 
ATS ;CADILLAC 
CTS ;CADILLAC 
ESCALADE ;CADILLAC 
SRX ;CADILLAC 
CAMARO ;CHEVROLET 
CORVETTE ;CHEVROLET 
BERLINGO ;CITROEN 
C-ZERO ;CITROEN 
C1 ;CITROEN 
C3 ;CITROEN 
C3 PICASSO ;CITROEN 
C4 ;CITROEN 
C4 AIRCROSS ;CITROEN 
C4 CACTUS ;CITROEN 
C4 PICASSO ;CITROEN 
C5 ;CITROEN 
C8 ;CITROEN 
DS3 ;CITROEN 
DS4 ;CITROEN 
DS5 ;CITROEN 
JUMPER ;CITROEN 
JUMPY ;CITROEN 
NEMO ;CITROEN 
DOKKER ;DACIA 
DUSTER ;DACIA 
LODGY ;DACIA 
LOGAN ;DACIA 
SANDERO ;DACIA 
458;FERRARI 
CALIFORNIA ;FERRARI 
F12 ;FERRARI 
FF ;FERRARI 
LAFERRARI ;FERRARI 
500;FIAT 
500L ;FIAT 
BRAVO ;FIAT 
DOBLO ;FIAT 
DUCATO ;FIAT 
FIORINO ;FIAT 
FREEMONT ;FIAT 
PANDA ;FIAT 
PUNTO ;FIAT 
SCUDO ;FIAT 
SEDICI ;FIAT 
B-MAX ;FORD 
C-MAX ;FORD 
ECOSPORT ;FORD 
FIESTA ;FORD 
FOCUS ;FORD 
KA ;FORD 
KUGA ;FORD 
MONDEO ;FORD 
S-MAX ;FORD 
TOURNEO CONNECT ;FORD 
TOURNEO COURIER ;FORD 
TOURNEO CUSTOM ;FORD 
TRANSIT ;FORD 
TRANSIT CUSTOM ;FORD 
ACCORD ;HONDA 
CIVIC ;HONDA 
CR-V ;HONDA 
CR-Z ;HONDA 
INSIGHT ;HONDA 
JAZZ ;HONDA 
GENESIS ;HYUNDAI 
I 10 ;HYUNDAI 
I 20 ;HYUNDAI 
I 30 ;HYUNDAI 
I 40 ;HYUNDAI 
IX 20 ;HYUNDAI 
IX 35 ;HYUNDAI 
SANTA FE ;HYUNDAI 
VELOSTER ;HYUNDAI 
Q50 ;INFINITI 
Q60 ;INFINITI 
Q70 ;INFINITI 
QX50 ;INFINITI 
QX70 ;INFINITI 
F-TYPE ;JAGUAR 
XF ;JAGUAR 
XJ ;JAGUAR 
CHEROKEE ;JEEP 
COMPASS ;JEEP 
GRAND CHEROKEE ;JEEP 
WRANGLER ;JEEP 
CARENS ;KIA 
CEED ;KIA 
OPTIMA ;KIA 
PICANTO ;KIA 
RIO ;KIA 
SORENTO ;KIA 
SOUL ;KIA 
SPORTAGE ;KIA 
VENGA ;KIA 
NIVA ;LADA 
AVENTADOR ;LAMBORGHINI 
GALLARDO ;LAMBORGHINI 
HURACAN ;LAMBORGHINI 
DELTA ;LANCIA 
FLAVIA ;LANCIA 
MUSA ;LANCIA 
THEMA ;LANCIA 
VOYAGER ;LANCIA 
YPSILON ;LANCIA 
DISCOVERY ;LAND ROVER 
DISCOVERY SPORT ;LAND ROVER 
FREELANDER ;LAND ROVER 
RANGE ROVER ;LAND ROVER 
RANGE ROVER EVOQUE ;LAND ROVER 
RANGE ROVER SPORT ;LAND ROVER 
CT ;LEXUS 
GS ;LEXUS 
IS ;LEXUS 
LFA ;LEXUS 
LS ;LEXUS 
NX ;LEXUS 
RC ;LEXUS 
RX ;LEXUS 
GHIBLI ;MASERATI 
GRANCABRIO ;MASERATI 
GRANTURISMO ;MASERATI 
QUATTROPORTE ;MASERATI 
2;MAZDA 
3;MAZDA 
5;MAZDA 
6;MAZDA 
CX-5 ;MAZDA 
MX-5 ;MAZDA 
A 160 ;MERCEDES 
A 180 ;MERCEDES 
A 200 ;MERCEDES 
A 220 ;MERCEDES 
A 250 ;MERCEDES 
A 45 AMG ;MERCEDES 
AMG GT ;MERCEDES 
AMG GT S ;MERCEDES 
B 160 ;MERCEDES 
B 180 ;MERCEDES 
B 200 ;MERCEDES 
B 220 ;MERCEDES 
B 250 ;MERCEDES 
B ED ;MERCEDES 
C 180 ;MERCEDES 
C 200 ;MERCEDES 
C 220 ;MERCEDES 
C 250 ;MERCEDES 
C 300 ;MERCEDES 
C 350 ;MERCEDES 
C 400 ;MERCEDES 
C 63 AMG ;MERCEDES 
C 63 S-AMG ;MERCEDES 
CITAN ;MERCEDES 
CL 63 AMG ;MERCEDES 
CLA 180 ;MERCEDES 
CLA 200 ;MERCEDES 
CLA 220 ;MERCEDES 
CLA 250 ;MERCEDES 
CLA 45 AMG ;MERCEDES 
CLASSE V ;MERCEDES 
CLS 220 ;MERCEDES 
CLS 250 ;MERCEDES 
CLS 350 ;MERCEDES 
CLS 400 ;MERCEDES 
CLS 500 ;MERCEDES 
CLS 63 AMG ;MERCEDES 
E 200 ;MERCEDES 
E 220 ;MERCEDES 
E 250 ;MERCEDES 
E 300 ;MERCEDES 
E 320 ;MERCEDES 
E 350 ;MERCEDES 
E 400 ;MERCEDES 
E 500 ;MERCEDES 
E 63 AMG ;MERCEDES 
G 350 ;MERCEDES 
G 500 ;MERCEDES 
G 63 AMG ;MERCEDES 
G 65 AMG ;MERCEDES 
GL 350 ;MERCEDES 
GL 400 ;MERCEDES 
GL 500 ;MERCEDES 
GL 63 AMG ;MERCEDES 
GLA 180 ;MERCEDES 
GLA 200 ;MERCEDES 
GLA 220 ;MERCEDES 
GLA 250 ;MERCEDES 
GLA 45 AMG ;MERCEDES 
ML 250 ;MERCEDES 
ML 350 ;MERCEDES 
ML 400 ;MERCEDES 
ML 500 ;MERCEDES 
ML 63 AMG ;MERCEDES 
S 300 ;MERCEDES 
S 350 ;MERCEDES 
S 400 ;MERCEDES 
S 500 ;MERCEDES 
S 600 ;MERCEDES 
S 63 AMG ;MERCEDES 
S 65 AMG ;MERCEDES 
SL 350 ;MERCEDES 
SL 400 ;MERCEDES 
SL 500 ;MERCEDES 
SL 63 AMG ;MERCEDES 
SL 65 AMG ;MERCEDES 
SLK 200 ;MERCEDES 
SLK 250 ;MERCEDES 
SLK 350 ;MERCEDES 
SLK 55 AMG ;MERCEDES 
SLS AMG GT S ;MERCEDES 
SPRINTER ;MERCEDES 
VITO ;MERCEDES 
CABRIO ;MINI 
COUNTRYMAN ;MINI 
COUPE ;MINI 
MINI ;MINI 
PACEMAN ;MINI 
ROADSTER ;MINI 
ASX ;MITSUBISHI 
I-MIEV ;MITSUBISHI 
OUTLANDER ;MITSUBISHI 
PAJERO ;MITSUBISHI 
SPACE STAR ;MITSUBISHI 
370Z ;NISSAN 
GT-R ;NISSAN 
JUKE ;NISSAN 
LEAF ;NISSAN 
MICRA ;NISSAN 
MURANO ;NISSAN 
NOTE ;NISSAN 
NV200 ;NISSAN 
NV300 ;NISSAN 
NV400 ;NISSAN 
PULSAR ;NISSAN 
QASHQAI ;NISSAN 
X-TRAIL ;NISSAN 
ADAM ;OPEL 
AGILA ;OPEL 
AMPERA ;OPEL 
ANTARA ;OPEL 
ASTRA ;OPEL 
CASCADA ;OPEL 
COMBO ;OPEL 
CORSA ;OPEL 
INSIGNIA ;OPEL 
MERIVA ;OPEL 
MOKKA ;OPEL 
MOVANO ;OPEL 
VIVARO ;OPEL 
ZAFIRA ;OPEL 
108;PEUGEOT 
2008;PEUGEOT 
207;PEUGEOT 
208;PEUGEOT 
3008;PEUGEOT 
308;PEUGEOT 
4008;PEUGEOT 
5008;PEUGEOT 
508;PEUGEOT 
BIPPER ;PEUGEOT 
BOXER ;PEUGEOT 
EXPERT ;PEUGEOT 
ION ;PEUGEOT 
PARTNER ;PEUGEOT 
RCZ ;PEUGEOT 
911;PORSCHE 
918;PORSCHE 
BOXSTER ;PORSCHE 
CAYENNE ;PORSCHE 
CAYMAN ;PORSCHE 
MACAN ;PORSCHE 
PANAMERA ;PORSCHE 
CAPTUR ;RENAULT 
CLIO ;RENAULT 
ESPACE ;RENAULT 
KANGOO ;RENAULT 
KOLEOS ;RENAULT 
LAGUNA ;RENAULT 
LATITUDE ;RENAULT 
MASTER ;RENAULT 
MEGANE ;RENAULT 
SCENIC ;RENAULT 
TRAFIC ;RENAULT 
TWINGO ;RENAULT 
ZOE ;RENAULT 
GHOST ;ROLLS ROYCE 
PHANTOM ;ROLLS ROYCE 
WRAITH ;ROLLS ROYCE 
ALHAMBRA ;SEAT 
ALTEA ;SEAT 
IBIZA ;SEAT 
LEON ;SEAT 
MII ;SEAT 
TOLEDO ;SEAT 
CITIGO ;SKODA 
FABIA ;SKODA 
OCTAVIA ;SKODA 
RAPID ;SKODA 
ROOMSTER ;SKODA 
SUPERB ;SKODA 
YETI ;SKODA 
FORFOUR ;SMART 
FORTWO ;SMART 
KORANDO ;SSANGYONG 
REXTON ;SSANGYONG 
RODIUS ;SSANGYONG 
BRZ ;SUBARU 
FORESTER ;SUBARU 
WRX ;SUBARU 
XV ;SUBARU 
CELERIO ;SUZUKI 
JIMNY ;SUZUKI 
SWIFT ;SUZUKI 
SX4 ;SUZUKI 
VITARA ;SUZUKI 
MODEL S ;TESLA 
AURIS ;TOYOTA 
AVENSIS ;TOYOTA 
AYGO ;TOYOTA 
GT86 ;TOYOTA 
IQ ;TOYOTA 
LAND CRUISER ;TOYOTA 
PRIUS ;TOYOTA 
PRIUS+ ;TOYOTA 
RAV4 ;TOYOTA 
VERSO ;TOYOTA 
VERSO S ;TOYOTA 
YARIS ;TOYOTA 
CC ;VOLKSWAGEN 
COCCINELLE ;VOLKSWAGEN 
CRAFTER ;VOLKSWAGEN 
EOS ;VOLKSWAGEN 
GOLF ;VOLKSWAGEN 
GOLF SPORTSVAN ;VOLKSWAGEN 
JETTA ;VOLKSWAGEN 
PASSAT ;VOLKSWAGEN 
PHAETON ;VOLKSWAGEN 
POLO ;VOLKSWAGEN 
SCIROCCO ;VOLKSWAGEN 
SHARAN ;VOLKSWAGEN 
TIGUAN ;VOLKSWAGEN 
TOUAREG ;VOLKSWAGEN 
TOURAN ;VOLKSWAGEN 
UP! ;VOLKSWAGEN 
S60 ;VOLVO 
S80 ;VOLVO 
V40 ;VOLVO 
V60 ;VOLVO 
V70 ;VOLVO 
XC60 ;VOLVO 
XC70 ;VOLVO 
XC90 ;VOLVO 
